"Time","Potência ativa"
2026-09-15 00:00:00,59 kW
2026-09-15 00:02:00,73 kW
2026-09-15 00:04:00,61 kW
2026-09-15 00:06:00,64 kW
2026-09-15 00:08:00,64 kW
2026-09-15 00:10:00,64 kW
2026-09-15 00:12:00,71 kW
2026-09-15 00:14:00,68 kW
2026-09-15 00:16:00,64 kW
2026-09-15 00:18:00,63 kW
2026-09-15 00:20:00,69 kW
2026-09-15 00:22:00,77 kW
2026-09-15 00:24:00,72 kW
2026-09-15 00:26:00,74 kW
2026-09-15 00:28:00,74 kW
2026-09-15 00:30:00,66 kW
2026-09-15 00:32:00,63 kW
2026-09-15 00:34:00,56 kW
2026-09-15 00:36:00,57 kW
2026-09-15 00:38:00,59 kW
2026-09-15 00:40:00,61 kW
2026-09-15 00:42:00,61 kW
2026-09-15 00:44:00,56 kW
2026-09-15 00:46:00,59 kW
2026-09-15 00:48:00,58 kW
2026-09-15 00:50:00,70 kW
2026-09-15 00:52:00,72 kW
2026-09-15 00:54:00,65 kW
2026-09-15 00:56:00,68 kW
2026-09-15 00:58:00,69 kW
2026-09-15 01:00:00,64 kW
2026-09-15 01:02:00,63 kW
2026-09-15 01:04:00,64 kW
2026-09-15 01:06:00,67 kW
2026-09-15 01:08:00,59 kW
2026-09-15 01:10:00,62 kW
2026-09-15 01:12:00,63 kW
2026-09-15 01:14:00,54 kW
2026-09-15 01:16:00,59 kW
2026-09-15 01:18:00,62 kW
2026-09-15 01:20:00,53 kW
2026-09-15 01:22:00,57 kW
2026-09-15 01:24:00,58 kW
2026-09-15 01:26:00,60 kW
2026-09-15 01:28:00,59 kW
2026-09-15 01:30:00,57 kW
2026-09-15 01:32:00,54 kW
2026-09-15 01:34:00,56 kW
2026-09-15 01:36:00,65 kW
2026-09-15 01:38:00,54 kW
2026-09-15 01:40:00,58 kW
2026-09-15 01:42:00,58 kW
2026-09-15 01:44:00,60 kW
2026-09-15 01:46:00,63 kW
2026-09-15 01:48:00,57 kW
2026-09-15 01:50:00,56 kW
2026-09-15 01:52:00,58 kW
2026-09-15 01:54:00,66 kW
2026-09-15 01:56:00,64 kW
2026-09-15 01:58:00,60 kW
2026-09-15 02:00:00,64 kW
2026-09-15 02:02:00,58 kW
2026-09-15 02:04:00,59 kW
2026-09-15 02:06:00,64 kW
2026-09-15 02:08:00,52 kW
2026-09-15 02:10:00,59 kW
2026-09-15 02:12:00,59 kW
2026-09-15 02:14:00,57 kW
2026-09-15 02:16:00,66 kW
2026-09-15 02:18:00,58 kW
2026-09-15 02:20:00,58 kW
2026-09-15 02:22:00,62 kW
2026-09-15 02:24:00,55 kW
2026-09-15 02:26:00,64 kW
2026-09-15 02:28:00,63 kW
2026-09-15 02:30:00,59 kW
2026-09-15 02:32:00,58 kW
2026-09-15 02:34:00,65 kW
2026-09-15 02:36:00,64 kW
2026-09-15 02:38:00,52 kW
2026-09-15 02:40:00,58 kW
2026-09-15 02:42:00,60 kW
2026-09-15 02:44:00,61 kW
2026-09-15 02:46:00,66 kW
2026-09-15 02:48:00,60 kW
2026-09-15 02:50:00,55 kW
2026-09-15 02:52:00,56 kW
2026-09-15 02:54:00,58 kW
2026-09-15 02:56:00,63 kW
2026-09-15 02:58:00,59 kW
2026-09-15 03:00:00,61 kW
2026-09-15 03:02:00,53 kW
2026-09-15 03:04:00,58 kW
2026-09-15 03:06:00,66 kW
2026-09-15 03:08:00,55 kW
2026-09-15 03:10:00,67 kW
2026-09-15 03:12:00,55 kW
2026-09-15 03:14:00,55 kW
2026-09-15 03:16:00,61 kW
2026-09-15 03:18:00,55 kW
2026-09-15 03:20:00,51 kW
2026-09-15 03:22:00,57 kW
2026-09-15 03:24:00,60 kW
2026-09-15 03:26:00,61 kW
2026-09-15 03:28:00,55 kW
2026-09-15 03:30:00,58 kW
2026-09-15 03:32:00,57 kW
2026-09-15 03:34:00,55 kW
2026-09-15 03:36:00,63 kW
2026-09-15 03:38:00,56 kW
2026-09-15 03:40:00,56 kW
2026-09-15 03:42:00,60 kW
2026-09-15 03:44:00,57 kW
2026-09-15 03:46:00,65 kW
2026-09-15 03:48:00,58 kW
2026-09-15 03:50:00,54 kW
2026-09-15 03:52:00,57 kW
2026-09-15 03:54:00,56 kW
2026-09-15 03:56:00,65 kW
2026-09-15 03:58:00,59 kW
2026-09-15 04:00:00,62 kW
2026-09-15 04:02:00,59 kW
2026-09-15 04:04:00,55 kW
2026-09-15 04:06:00,63 kW
2026-09-15 04:08:00,57 kW
2026-09-15 04:10:00,54 kW
2026-09-15 04:12:00,56 kW
2026-09-15 04:14:00,55 kW
2026-09-15 04:16:00,56 kW
2026-09-15 04:18:00,58 kW
2026-09-15 04:20:00,61 kW
2026-09-15 04:22:00,57 kW
2026-09-15 04:24:00,57 kW
2026-09-15 04:26:00,56 kW
2026-09-15 04:28:00,54 kW
2026-09-15 04:30:00,58 kW
2026-09-15 04:32:00,54 kW
2026-09-15 04:34:00,57 kW
2026-09-15 04:36:00,59 kW
2026-09-15 04:38:00,56 kW
2026-09-15 04:40:00,59 kW
2026-09-15 04:42:00,57 kW
2026-09-15 04:44:00,58 kW
2026-09-15 04:46:00,53 kW
2026-09-15 04:48:00,54 kW
2026-09-15 04:50:00,60 kW
2026-09-15 04:52:00,52 kW
2026-09-15 04:54:00,63 kW
2026-09-15 04:56:00,56 kW
2026-09-15 04:58:00,54 kW
2026-09-15 05:00:00,62 kW
2026-09-15 05:02:00,51 kW
2026-09-15 05:04:00,55 kW
2026-09-15 05:06:00,59 kW
2026-09-15 05:08:00,53 kW
2026-09-15 05:10:00,61 kW
2026-09-15 05:12:00,69 kW
2026-09-15 05:14:00,66 kW
2026-09-15 05:16:00,64 kW
2026-09-15 05:18:00,67 kW
2026-09-15 05:20:00,70 kW
2026-09-15 05:22:00,65 kW
2026-09-15 05:24:00,68 kW
2026-09-15 05:26:00,64 kW
2026-09-15 05:28:00,66 kW
2026-09-15 05:30:00,78 kW
2026-09-15 05:32:00,65 kW
2026-09-15 05:34:00,64 kW
2026-09-15 05:36:00,66 kW
2026-09-15 05:38:00,64 kW
2026-09-15 05:40:00,72 kW
2026-09-15 05:42:00,64 kW
2026-09-15 05:44:00,65 kW
2026-09-15 05:46:00,73 kW
2026-09-15 05:48:00,73 kW
2026-09-15 05:50:00,79 kW
2026-09-15 05:52:00,65 kW
2026-09-15 05:54:00,69 kW
2026-09-15 05:56:00,87 kW
2026-09-15 05:58:00,85 kW
2026-09-15 06:00:00,99 kW
2026-09-15 06:02:00,90 kW
2026-09-15 06:04:00,84 kW
2026-09-15 06:06:00,86 kW
2026-09-15 06:08:00,87 kW
2026-09-15 06:10:00,86 kW
2026-09-15 06:12:00,79 kW
2026-09-15 06:14:00,90 kW
2026-09-15 06:16:00,91 kW
2026-09-15 06:18:00,89 kW
2026-09-15 06:20:00,100 kW
2026-09-15 06:22:00,79 kW
2026-09-15 06:24:00,91 kW
2026-09-15 06:26:00,95 kW
2026-09-15 06:28:00,93 kW
2026-09-15 06:30:00,97 kW
2026-09-15 06:32:00,93 kW
2026-09-15 06:34:00,93 kW
2026-09-15 06:36:00,98 kW
2026-09-15 06:38:00,94 kW
2026-09-15 06:40:00,96 kW
2026-09-15 06:42:00,82 kW
2026-09-15 06:44:00,79 kW
2026-09-15 06:46:00,98 kW
2026-09-15 06:48:00,82 kW
2026-09-15 06:50:00,118 kW
2026-09-15 06:52:00,117 kW
2026-09-15 06:54:00,121 kW
2026-09-15 06:56:00,127 kW
2026-09-15 06:58:00,117 kW
2026-09-15 07:00:00,118 kW
2026-09-15 07:02:00,128 kW
2026-09-15 07:04:00,129 kW
2026-09-15 07:06:00,134 kW
2026-09-15 07:08:00,141 kW
2026-09-15 07:10:00,144 kW
2026-09-15 07:12:00,136 kW
2026-09-15 07:14:00,133 kW
2026-09-15 07:16:00,124 kW
2026-09-15 07:18:00,128 kW
2026-09-15 07:20:00,136 kW
2026-09-15 07:22:00,126 kW
2026-09-15 07:24:00,129 kW
2026-09-15 07:26:00,131 kW
2026-09-15 07:28:00,126 kW
2026-09-15 07:30:00,128 kW
2026-09-15 07:32:00,130 kW
2026-09-15 07:34:00,129 kW
2026-09-15 07:36:00,125 kW
2026-09-15 07:38:00,135 kW
2026-09-15 07:40:00,114 kW
2026-09-15 07:42:00,165 kW
2026-09-15 07:44:00,144 kW
2026-09-15 07:46:00,162 kW
2026-09-15 07:48:00,127 kW
2026-09-15 07:50:00,124 kW
2026-09-15 07:52:00,130 kW
2026-09-15 07:54:00,126 kW
2026-09-15 07:56:00,86 kW
2026-09-15 07:58:00,116 kW
2026-09-15 08:00:00,121 kW
2026-09-15 08:02:00,119 kW
2026-09-15 08:04:00,83 kW
2026-09-15 08:06:00,78 kW
2026-09-15 08:08:00,91 kW
2026-09-15 08:10:00,84 kW
2026-09-15 08:12:00,89 kW
2026-09-15 08:14:00,100 kW
2026-09-15 08:16:00,102 kW
2026-09-15 08:18:00,88 kW
2026-09-15 08:20:00,87 kW
2026-09-15 08:22:00,102 kW
2026-09-15 08:24:00,143 kW
2026-09-15 08:26:00,135 kW
2026-09-15 08:28:00,127 kW
2026-09-15 08:30:00,125 kW
2026-09-15 08:32:00,133 kW
2026-09-15 08:34:00,182 kW
2026-09-15 08:36:00,129 kW
2026-09-15 08:38:00,126 kW
2026-09-15 08:40:00,186 kW
2026-09-15 08:42:00,173 kW
2026-09-15 08:44:00,148 kW
2026-09-15 08:46:00,141 kW
2026-09-15 08:48:00,101 kW
2026-09-15 08:50:00,183 kW
2026-09-15 08:52:00,142 kW
2026-09-15 08:54:00,146 kW
2026-09-15 08:56:00,103 kW
2026-09-15 08:58:00,190 kW
2026-09-15 09:00:00,99 kW
2026-09-15 09:02:00,144 kW
2026-09-15 09:04:00,149 kW
2026-09-15 09:06:00,141 kW
2026-09-15 09:08:00,168 kW
2026-09-15 09:10:00,213 kW
2026-09-15 09:12:00,164 kW
2026-09-15 09:14:00,173 kW
2026-09-15 09:16:00,199 kW
2026-09-15 09:18:00,227 kW
2026-09-15 09:20:00,170 kW
2026-09-15 09:22:00,141 kW
2026-09-15 09:24:00,144 kW
2026-09-15 09:26:00,150 kW
2026-09-15 09:28:00,154 kW
2026-09-15 09:30:00,174 kW
2026-09-15 09:32:00,106 kW
2026-09-15 09:34:00,108 kW
2026-09-15 09:36:00,138 kW
2026-09-15 09:38:00,144 kW
2026-09-15 09:40:00,96 kW
2026-09-15 09:42:00,102 kW
2026-09-15 09:44:00,194 kW
2026-09-15 09:46:00,144 kW
2026-09-15 09:48:00,140 kW
2026-09-15 09:50:00,103 kW
2026-09-15 09:52:00,145 kW
2026-09-15 09:54:00,154 kW
2026-09-15 09:56:00,144 kW
2026-09-15 09:58:00,151 kW
2026-09-15 10:00:00,156 kW
2026-09-15 10:02:00,190 kW
2026-09-15 10:04:00,198 kW
2026-09-15 10:06:00,153 kW
2026-09-15 10:08:00,197 kW
2026-09-15 10:10:00,150 kW
2026-09-15 10:12:00,107 kW
2026-09-15 10:14:00,155 kW
2026-09-15 10:16:00,186 kW
2026-09-15 10:18:00,196 kW
2026-09-15 10:20:00,145 kW
2026-09-15 10:22:00,165 kW
2026-09-15 10:24:00,216 kW
2026-09-15 10:26:00,143 kW
2026-09-15 10:28:00,145 kW
2026-09-15 10:30:00,195 kW
2026-09-15 10:32:00,153 kW
2026-09-15 10:34:00,219 kW
2026-09-15 10:36:00,167 kW
2026-09-15 10:38:00,159 kW
2026-09-15 10:40:00,162 kW
2026-09-15 10:42:00,162 kW
2026-09-15 10:44:00,164 kW
2026-09-15 10:46:00,161 kW
2026-09-15 10:48:00,162 kW
2026-09-15 10:50:00,146 kW
2026-09-15 10:52:00,205 kW
2026-09-15 10:54:00,150 kW
2026-09-15 10:56:00,108 kW
2026-09-15 10:58:00,160 kW
2026-09-15 11:00:00,183 kW
2026-09-15 11:02:00,136 kW
2026-09-15 11:04:00,136 kW
2026-09-15 11:06:00,137 kW
2026-09-15 11:08:00,140 kW
2026-09-15 11:10:00,142 kW
2026-09-15 11:12:00,139 kW
2026-09-15 11:14:00,97 kW
2026-09-15 11:16:00,144 kW
2026-09-15 11:18:00,201 kW
2026-09-15 11:20:00,148 kW
2026-09-15 11:22:00,186 kW
2026-09-15 11:24:00,143 kW
2026-09-15 11:26:00,183 kW
2026-09-15 11:28:00,135 kW
2026-09-15 11:30:00,141 kW
2026-09-15 11:32:00,120 kW
2026-09-15 11:34:00,118 kW
2026-09-15 11:36:00,123 kW
2026-09-15 11:38:00,139 kW
2026-09-15 11:40:00,136 kW
2026-09-15 11:42:00,124 kW
2026-09-15 11:44:00,123 kW
2026-09-15 11:46:00,145 kW
2026-09-15 11:48:00,147 kW
2026-09-15 11:50:00,141 kW
2026-09-15 11:52:00,116 kW
2026-09-15 11:54:00,119 kW
2026-09-15 11:56:00,124 kW
2026-09-15 11:58:00,136 kW
2026-09-15 12:00:00,140 kW
2026-09-15 12:02:00,137 kW
2026-09-15 12:04:00,123 kW
2026-09-15 12:06:00,123 kW
2026-09-15 12:08:00,155 kW
2026-09-15 12:10:00,128 kW
2026-09-15 12:12:00,143 kW
2026-09-15 12:14:00,141 kW
2026-09-15 12:16:00,139 kW
2026-09-15 12:18:00,140 kW
2026-09-15 12:20:00,134 kW
2026-09-15 12:22:00,135 kW
2026-09-15 12:24:00,134 kW
2026-09-15 12:26:00,144 kW
2026-09-15 12:28:00,151 kW
2026-09-15 12:30:00,138 kW
2026-09-15 12:32:00,160 kW
2026-09-15 12:34:00,149 kW
2026-09-15 12:36:00,141 kW
2026-09-15 12:38:00,155 kW
2026-09-15 12:40:00,125 kW
2026-09-15 12:42:00,133 kW
2026-09-15 12:44:00,139 kW
2026-09-15 12:46:00,128 kW
2026-09-15 12:48:00,157 kW
2026-09-15 12:50:00,146 kW
2026-09-15 12:52:00,145 kW
2026-09-15 12:54:00,141 kW
2026-09-15 12:56:00,125 kW
2026-09-15 12:58:00,149 kW
2026-09-15 13:00:00,137 kW
2026-09-15 13:02:00,118 kW
2026-09-15 13:04:00,147 kW
2026-09-15 13:06:00,138 kW
2026-09-15 13:08:00,162 kW
2026-09-15 13:10:00,151 kW
2026-09-15 13:12:00,146 kW
2026-09-15 13:14:00,143 kW
2026-09-15 13:16:00,152 kW
2026-09-15 13:18:00,141 kW
2026-09-15 13:20:00,133 kW
2026-09-15 13:22:00,138 kW
2026-09-15 13:24:00,130 kW
2026-09-15 13:26:00,127 kW
2026-09-15 13:28:00,130 kW
2026-09-15 13:30:00,119 kW
2026-09-15 13:32:00,86 kW
2026-09-15 13:34:00,86 kW
2026-09-15 13:36:00,84 kW
2026-09-15 13:38:00,97 kW
2026-09-15 13:40:00,89 kW
2026-09-15 13:42:00,87 kW
2026-09-15 13:44:00,86 kW
2026-09-15 13:46:00,93 kW
2026-09-15 13:48:00,139 kW
2026-09-15 13:50:00,130 kW
2026-09-15 13:52:00,109 kW
2026-09-15 13:54:00,137 kW
2026-09-15 13:56:00,125 kW
2026-09-15 13:58:00,125 kW
2026-09-15 14:00:00,143 kW
2026-09-15 14:02:00,144 kW
2026-09-15 14:04:00,89 kW
2026-09-15 14:06:00,131 kW
2026-09-15 14:08:00,124 kW
2026-09-15 14:10:00,126 kW
2026-09-15 14:12:00,140 kW
2026-09-15 14:14:00,133 kW
2026-09-15 14:16:00,141 kW
2026-09-15 14:18:00,96 kW
2026-09-15 14:20:00,94 kW
2026-09-15 14:22:00,92 kW
2026-09-15 14:24:00,97 kW
2026-09-15 14:26:00,98 kW
2026-09-15 14:28:00,92 kW
2026-09-15 14:30:00,92 kW
2026-09-15 14:32:00,91 kW
2026-09-15 14:34:00,94 kW
2026-09-15 14:36:00,94 kW
2026-09-15 14:38:00,86 kW
2026-09-15 14:40:00,77 kW
2026-09-15 14:42:00,96 kW
2026-09-15 14:44:00,82 kW
2026-09-15 14:46:00,88 kW
2026-09-15 14:48:00,92 kW
2026-09-15 14:50:00,95 kW
2026-09-15 14:52:00,102 kW
2026-09-15 14:54:00,80 kW
2026-09-15 14:56:00,95 kW
2026-09-15 14:58:00,85 kW
2026-09-15 15:00:00,81 kW
2026-09-15 15:02:00,87 kW
2026-09-15 15:04:00,83 kW
2026-09-15 15:06:00,94 kW
2026-09-15 15:08:00,90 kW
2026-09-15 15:10:00,108 kW
2026-09-15 15:12:00,133 kW
2026-09-15 15:14:00,109 kW
2026-09-15 15:16:00,92 kW
2026-09-15 15:18:00,93 kW
2026-09-15 15:20:00,125 kW
2026-09-15 15:22:00,124 kW
2026-09-15 15:24:00,133 kW
2026-09-15 15:26:00,119 kW
2026-09-15 15:28:00,127 kW
2026-09-15 15:30:00,91 kW
2026-09-15 15:32:00,135 kW
2026-09-15 15:34:00,129 kW
2026-09-15 15:36:00,85 kW
2026-09-15 15:38:00,127 kW
2026-09-15 15:40:00,90 kW
2026-09-15 15:42:00,92 kW
2026-09-15 15:44:00,132 kW
2026-09-15 15:46:00,127 kW
2026-09-15 15:48:00,131 kW
2026-09-15 15:50:00,127 kW
2026-09-15 15:52:00,138 kW
2026-09-15 15:54:00,129 kW
2026-09-15 15:56:00,134 kW
2026-09-15 15:58:00,135 kW
2026-09-15 16:00:00,126 kW
2026-09-15 16:02:00,144 kW
2026-09-15 16:04:00,136 kW
2026-09-15 16:06:00,144 kW
2026-09-15 16:08:00,142 kW
2026-09-15 16:10:00,122 kW
2026-09-15 16:12:00,137 kW
2026-09-15 16:14:00,126 kW
2026-09-15 16:16:00,103 kW
2026-09-15 16:18:00,129 kW
2026-09-15 16:20:00,94 kW
2026-09-15 16:22:00,98 kW
2026-09-15 16:24:00,91 kW
2026-09-15 16:26:00,88 kW
2026-09-15 16:28:00,75 kW
2026-09-15 16:30:00,105 kW
2026-09-15 16:32:00,108 kW
2026-09-15 16:34:00,117 kW
2026-09-15 16:36:00,106 kW
2026-09-15 16:38:00,116 kW
2026-09-15 16:40:00,109 kW
2026-09-15 16:42:00,97 kW
2026-09-15 16:44:00,101 kW
2026-09-15 16:46:00,88 kW
2026-09-15 16:48:00,98 kW
2026-09-15 16:50:00,91 kW
2026-09-15 16:52:00,94 kW
2026-09-15 16:54:00,91 kW
2026-09-15 16:56:00,97 kW
2026-09-15 16:58:00,124 kW
2026-09-15 17:00:00,118 kW
2026-09-15 17:02:00,85 kW
2026-09-15 17:04:00,89 kW
2026-09-15 17:06:00,99 kW
2026-09-15 17:08:00,118 kW
2026-09-15 17:10:00,110 kW
2026-09-15 17:12:00,95 kW
2026-09-15 17:14:00,91 kW
2026-09-15 17:16:00,96 kW
2026-09-15 17:18:00,93 kW
2026-09-15 17:20:00,88 kW
2026-09-15 17:22:00,119 kW
2026-09-15 17:24:00,123 kW
2026-09-15 17:26:00,140 kW
2026-09-15 17:28:00,126 kW
2026-09-15 17:30:00,127 kW
2026-09-15 17:32:00,131 kW
2026-09-15 17:34:00,135 kW
2026-09-15 17:36:00,125 kW
2026-09-15 17:38:00,130 kW
2026-09-15 17:40:00,164 kW
2026-09-15 17:42:00,148 kW
2026-09-15 17:44:00,125 kW
2026-09-15 17:46:00,126 kW
2026-09-15 17:48:00,125 kW
2026-09-15 17:50:00,125 kW
2026-09-15 17:52:00,124 kW
2026-09-15 17:54:00,124 kW
2026-09-15 17:56:00,127 kW
2026-09-15 17:58:00,144 kW
2026-09-15 18:00:00,144 kW
2026-09-15 18:02:00,151 kW
2026-09-15 18:04:00,120 kW
2026-09-15 18:06:00,121 kW
2026-09-15 18:08:00,136 kW
2026-09-15 18:10:00,137 kW
2026-09-15 18:12:00,139 kW
2026-09-15 18:14:00,133 kW
2026-09-15 18:16:00,139 kW
2026-09-15 18:18:00,127 kW
2026-09-15 18:20:00,130 kW
2026-09-15 18:22:00,93 kW
2026-09-15 18:24:00,130 kW
2026-09-15 18:26:00,120 kW
2026-09-15 18:28:00,110 kW
2026-09-15 18:30:00,131 kW
2026-09-15 18:32:00,131 kW
2026-09-15 18:34:00,109 kW
2026-09-15 18:36:00,123 kW
2026-09-15 18:38:00,109 kW
2026-09-15 18:40:00,114 kW
2026-09-15 18:42:00,117 kW
2026-09-15 18:44:00,137 kW
2026-09-15 18:46:00,142 kW
2026-09-15 18:48:00,119 kW
2026-09-15 18:50:00,126 kW
2026-09-15 18:52:00,125 kW
2026-09-15 18:54:00,153 kW
2026-09-15 18:56:00,159 kW
2026-09-15 18:58:00,140 kW
2026-09-15 19:00:00,141 kW
2026-09-15 19:02:00,134 kW
2026-09-15 19:04:00,145 kW
2026-09-15 19:06:00,159 kW
2026-09-15 19:08:00,144 kW
2026-09-15 19:10:00,148 kW
2026-09-15 19:12:00,119 kW
2026-09-15 19:14:00,126 kW
2026-09-15 19:16:00,127 kW
2026-09-15 19:18:00,117 kW
2026-09-15 19:20:00,122 kW
2026-09-15 19:22:00,119 kW
2026-09-15 19:24:00,96 kW
2026-09-15 19:26:00,89 kW
2026-09-15 19:28:00,86 kW
2026-09-15 19:30:00,80 kW
2026-09-15 19:32:00,85 kW
2026-09-15 19:34:00,84 kW
2026-09-15 19:36:00,88 kW
2026-09-15 19:38:00,77 kW
2026-09-15 19:40:00,78 kW
2026-09-15 19:42:00,88 kW
2026-09-15 19:44:00,95 kW
2026-09-15 19:46:00,80 kW
2026-09-15 19:48:00,79 kW
2026-09-15 19:50:00,85 kW
2026-09-15 19:52:00,79 kW
2026-09-15 19:54:00,83 kW
2026-09-15 19:56:00,90 kW
2026-09-15 19:58:00,86 kW
2026-09-15 20:00:00,76 kW
2026-09-15 20:02:00,73 kW
2026-09-15 20:04:00,83 kW
2026-09-15 20:06:00,79 kW
2026-09-15 20:08:00,75 kW
2026-09-15 20:10:00,99 kW
2026-09-15 20:12:00,90 kW
2026-09-15 20:14:00,75 kW
2026-09-15 20:16:00,77 kW
2026-09-15 20:18:00,81 kW
2026-09-15 20:20:00,96 kW
2026-09-15 20:22:00,89 kW
2026-09-15 20:24:00,86 kW
2026-09-15 20:26:00,85 kW
2026-09-15 20:28:00,86 kW
2026-09-15 20:30:00,90 kW
2026-09-15 20:32:00,87 kW
2026-09-15 20:34:00,84 kW
2026-09-15 20:36:00,77 kW
2026-09-15 20:38:00,67 kW
2026-09-15 20:40:00,83 kW
2026-09-15 20:42:00,85 kW
2026-09-15 20:44:00,69 kW
2026-09-15 20:46:00,82 kW
2026-09-15 20:48:00,85 kW
2026-09-15 20:50:00,86 kW
2026-09-15 20:52:00,76 kW
2026-09-15 20:54:00,78 kW
2026-09-15 20:56:00,75 kW
2026-09-15 20:58:00,75 kW
2026-09-15 21:00:00,82 kW
2026-09-15 21:02:00,78 kW
2026-09-15 21:04:00,81 kW
2026-09-15 21:06:00,86 kW
2026-09-15 21:08:00,93 kW
2026-09-15 21:10:00,101 kW
2026-09-15 21:12:00,88 kW
2026-09-15 21:14:00,80 kW
2026-09-15 21:16:00,74 kW
2026-09-15 21:18:00,74 kW
2026-09-15 21:20:00,85 kW
2026-09-15 21:22:00,70 kW
2026-09-15 21:24:00,71 kW
2026-09-15 21:26:00,78 kW
2026-09-15 21:28:00,78 kW
2026-09-15 21:30:00,84 kW
2026-09-15 21:32:00,79 kW
2026-09-15 21:34:00,61 kW
2026-09-15 21:36:00,58 kW
2026-09-15 21:38:00,61 kW
2026-09-15 21:40:00,69 kW
2026-09-15 21:42:00,63 kW
2026-09-15 21:44:00,63 kW
2026-09-15 21:46:00,56 kW
2026-09-15 21:48:00,61 kW
2026-09-15 21:50:00,68 kW
2026-09-15 21:52:00,65 kW
2026-09-15 21:54:00,64 kW
2026-09-15 21:56:00,64 kW
2026-09-15 21:58:00,58 kW
2026-09-15 22:00:00,62 kW
2026-09-15 22:02:00,61 kW
2026-09-15 22:04:00,59 kW
2026-09-15 22:06:00,62 kW
2026-09-15 22:08:00,66 kW
2026-09-15 22:10:00,75 kW
2026-09-15 22:12:00,63 kW
2026-09-15 22:14:00,65 kW
2026-09-15 22:16:00,72 kW
2026-09-15 22:18:00,63 kW
2026-09-15 22:20:00,70 kW
2026-09-15 22:22:00,66 kW
2026-09-15 22:24:00,68 kW
2026-09-15 22:26:00,68 kW
2026-09-15 22:28:00,63 kW
2026-09-15 22:30:00,79 kW
2026-09-15 22:32:00,65 kW
2026-09-15 22:34:00,67 kW
2026-09-15 22:36:00,68 kW
2026-09-15 22:38:00,67 kW
2026-09-15 22:40:00,74 kW
2026-09-15 22:42:00,67 kW
2026-09-15 22:44:00,74 kW
2026-09-15 22:46:00,69 kW
2026-09-15 22:48:00,65 kW
2026-09-15 22:50:00,66 kW
2026-09-15 22:52:00,67 kW
2026-09-15 22:54:00,65 kW
2026-09-15 22:56:00,55 kW
2026-09-15 22:58:00,63 kW
2026-09-15 23:00:00,56 kW
2026-09-15 23:02:00,66 kW
2026-09-15 23:04:00,71 kW
2026-09-15 23:06:00,74 kW
2026-09-15 23:08:00,64 kW
2026-09-15 23:10:00,66 kW
2026-09-15 23:12:00,59 kW
2026-09-15 23:14:00,67 kW
2026-09-15 23:16:00,61 kW
2026-09-15 23:18:00,65 kW
2026-09-15 23:20:00,61 kW
2026-09-15 23:22:00,57 kW
2026-09-15 23:24:00,62 kW
2026-09-15 23:26:00,71 kW
2026-09-15 23:28:00,61 kW
2026-09-15 23:30:00,61 kW
2026-09-15 23:32:00,62 kW
2026-09-15 23:34:00,72 kW
2026-09-15 23:36:00,58 kW
2026-09-15 23:38:00,60 kW
2026-09-15 23:40:00,59 kW
2026-09-15 23:42:00,56 kW
2026-09-15 23:44:00,62 kW
2026-09-15 23:46:00,52 kW
2026-09-15 23:48:00,62 kW
2026-09-15 23:50:00,61 kW
2026-09-15 23:52:00,58 kW
2026-09-15 23:54:00,69 kW
2026-09-15 23:56:00,65 kW
2026-09-15 23:58:00,58 kW
2026-09-16 00:00:00,64 kW
2026-09-16 00:02:00,65 kW
2026-09-16 00:04:00,64 kW
2026-09-16 00:06:00,56 kW
2026-09-16 00:08:00,56 kW
2026-09-16 00:10:00,61 kW
2026-09-16 00:12:00,56 kW
2026-09-16 00:14:00,69 kW
2026-09-16 00:16:00,62 kW
2026-09-16 00:18:00,66 kW
2026-09-16 00:20:00,53 kW
2026-09-16 00:22:00,53 kW
2026-09-16 00:24:00,72 kW
2026-09-16 00:26:00,66 kW
2026-09-16 00:28:00,57 kW
2026-09-16 00:30:00,67 kW
2026-09-16 00:32:00,68 kW
2026-09-16 00:34:00,69 kW
2026-09-16 00:36:00,60 kW
2026-09-16 00:38:00,63 kW
2026-09-16 00:40:00,57 kW
2026-09-16 00:42:00,55 kW
2026-09-16 00:44:00,65 kW
2026-09-16 00:46:00,65 kW
2026-09-16 00:48:00,72 kW
2026-09-16 00:50:00,68 kW
2026-09-16 00:52:00,64 kW
2026-09-16 00:54:00,69 kW
2026-09-16 00:56:00,58 kW
2026-09-16 00:58:00,59 kW
2026-09-16 01:00:00,55 kW
2026-09-16 01:02:00,63 kW
2026-09-16 01:04:00,72 kW
2026-09-16 01:06:00,64 kW
2026-09-16 01:08:00,64 kW
2026-09-16 01:10:00,61 kW
2026-09-16 01:12:00,58 kW
2026-09-16 01:14:00,64 kW
2026-09-16 01:16:00,59 kW
2026-09-16 01:18:00,55 kW
2026-09-16 01:20:00,53 kW
2026-09-16 01:22:00,57 kW
2026-09-16 01:24:00,63 kW
2026-09-16 01:26:00,53 kW
2026-09-16 01:28:00,53 kW
2026-09-16 01:30:00,58 kW
2026-09-16 01:32:00,50 kW
2026-09-16 01:34:00,61 kW
2026-09-16 01:36:00,62 kW
2026-09-16 01:38:00,55 kW
2026-09-16 01:40:00,50 kW
2026-09-16 01:42:00,52 kW
2026-09-16 01:44:00,57 kW
2026-09-16 01:46:00,56 kW
2026-09-16 01:48:00,55 kW
2026-09-16 01:50:00,59 kW
2026-09-16 01:52:00,50 kW
2026-09-16 01:54:00,50 kW
2026-09-16 01:56:00,55 kW
2026-09-16 01:58:00,55 kW
2026-09-16 02:00:00,51 kW
2026-09-16 02:02:00,52 kW
2026-09-16 02:04:00,53 kW
2026-09-16 02:06:00,48 kW
2026-09-16 02:08:00,60 kW
2026-09-16 02:10:00,59 kW
2026-09-16 02:12:00,57 kW
2026-09-16 02:14:00,55 kW
2026-09-16 02:16:00,50 kW
2026-09-16 02:18:00,62 kW
2026-09-16 02:20:00,52 kW
2026-09-16 02:22:00,49 kW
2026-09-16 02:24:00,49 kW
2026-09-16 02:26:00,53 kW
2026-09-16 02:28:00,60 kW
2026-09-16 02:30:00,55 kW
2026-09-16 02:32:00,54 kW
2026-09-16 02:34:00,55 kW
2026-09-16 02:36:00,48 kW
2026-09-16 02:38:00,58 kW
2026-09-16 02:40:00,56 kW
2026-09-16 02:42:00,52 kW
2026-09-16 02:44:00,51 kW
2026-09-16 02:46:00,57 kW
2026-09-16 02:48:00,62 kW
2026-09-16 02:50:00,56 kW
2026-09-16 02:52:00,55 kW
2026-09-16 02:54:00,55 kW
2026-09-16 02:56:00,51 kW
2026-09-16 02:58:00,59 kW
2026-09-16 03:00:00,50 kW
2026-09-16 03:02:00,54 kW
2026-09-16 03:04:00,52 kW
2026-09-16 03:06:00,55 kW
2026-09-16 03:08:00,61 kW
2026-09-16 03:10:00,56 kW
2026-09-16 03:12:00,52 kW
2026-09-16 03:14:00,50 kW
2026-09-16 03:16:00,58 kW
2026-09-16 03:18:00,65 kW
2026-09-16 03:20:00,51 kW
2026-09-16 03:22:00,55 kW
2026-09-16 03:24:00,56 kW
2026-09-16 03:26:00,49 kW
2026-09-16 03:28:00,58 kW
2026-09-16 03:30:00,60 kW
2026-09-16 03:32:00,55 kW
2026-09-16 03:34:00,53 kW
2026-09-16 03:36:00,50 kW
2026-09-16 03:38:00,66 kW
2026-09-16 03:40:00,58 kW
2026-09-16 03:42:00,50 kW
2026-09-16 03:44:00,56 kW
2026-09-16 03:46:00,54 kW
2026-09-16 03:48:00,60 kW
2026-09-16 03:50:00,57 kW
2026-09-16 03:52:00,58 kW
2026-09-16 03:54:00,51 kW
2026-09-16 03:56:00,53 kW
2026-09-16 03:58:00,60 kW
2026-09-16 04:00:00,52 kW
2026-09-16 04:02:00,55 kW
2026-09-16 04:04:00,50 kW
2026-09-16 04:06:00,54 kW
2026-09-16 04:08:00,64 kW
2026-09-16 04:10:00,58 kW
2026-09-16 04:12:00,56 kW
2026-09-16 04:14:00,53 kW
2026-09-16 04:16:00,52 kW
2026-09-16 04:18:00,60 kW
2026-09-16 04:20:00,50 kW
2026-09-16 04:22:00,58 kW
2026-09-16 04:24:00,52 kW
2026-09-16 04:26:00,51 kW
2026-09-16 04:28:00,59 kW
2026-09-16 04:30:00,56 kW
2026-09-16 04:32:00,51 kW
2026-09-16 04:34:00,50 kW
2026-09-16 04:36:00,52 kW
2026-09-16 04:38:00,52 kW
2026-09-16 04:40:00,52 kW
2026-09-16 04:42:00,50 kW
2026-09-16 04:44:00,56 kW
2026-09-16 04:46:00,50 kW
2026-09-16 04:48:00,51 kW
2026-09-16 04:50:00,53 kW
2026-09-16 04:52:00,67 kW
2026-09-16 04:54:00,75 kW
2026-09-16 04:56:00,74 kW
2026-09-16 04:58:00,77 kW
2026-09-16 05:00:00,84 kW
2026-09-16 05:02:00,81 kW
2026-09-16 05:04:00,81 kW
2026-09-16 05:06:00,78 kW
2026-09-16 05:08:00,66 kW
2026-09-16 05:10:00,76 kW
2026-09-16 05:12:00,72 kW
2026-09-16 05:14:00,73 kW
2026-09-16 05:16:00,72 kW
2026-09-16 05:18:00,75 kW
2026-09-16 05:20:00,66 kW
2026-09-16 05:22:00,70 kW
2026-09-16 05:24:00,67 kW
2026-09-16 05:26:00,70 kW
2026-09-16 05:28:00,83 kW
2026-09-16 05:30:00,69 kW
2026-09-16 05:32:00,87 kW
2026-09-16 05:34:00,86 kW
2026-09-16 05:36:00,70 kW
2026-09-16 05:38:00,79 kW
2026-09-16 05:40:00,74 kW
2026-09-16 05:42:00,80 kW
2026-09-16 05:44:00,71 kW
2026-09-16 05:46:00,89 kW
2026-09-16 05:48:00,83 kW
2026-09-16 05:50:00,87 kW
2026-09-16 05:52:00,86 kW
2026-09-16 05:54:00,78 kW
2026-09-16 05:56:00,79 kW
2026-09-16 05:58:00,80 kW
2026-09-16 06:00:00,78 kW
2026-09-16 06:02:00,76 kW
2026-09-16 06:04:00,69 kW
2026-09-16 06:06:00,79 kW
2026-09-16 06:08:00,67 kW
2026-09-16 06:10:00,76 kW
2026-09-16 06:12:00,82 kW
2026-09-16 06:14:00,76 kW
2026-09-16 06:16:00,77 kW
2026-09-16 06:18:00,76 kW
2026-09-16 06:20:00,78 kW
2026-09-16 06:22:00,80 kW
2026-09-16 06:24:00,67 kW
2026-09-16 06:26:00,71 kW
2026-09-16 06:28:00,68 kW
2026-09-16 06:30:00,62 kW
2026-09-16 06:32:00,77 kW
2026-09-16 06:34:00,66 kW
2026-09-16 06:36:00,69 kW
2026-09-16 06:38:00,73 kW
2026-09-16 06:40:00,67 kW
2026-09-16 06:42:00,81 kW
2026-09-16 06:44:00,68 kW
2026-09-16 06:46:00,87 kW
2026-09-16 06:48:00,105 kW
2026-09-16 06:50:00,107 kW
2026-09-16 06:52:00,98 kW
2026-09-16 06:54:00,93 kW
2026-09-16 06:56:00,97 kW
2026-09-16 06:58:00,94 kW
2026-09-16 07:00:00,95 kW
2026-09-16 07:02:00,103 kW
2026-09-16 07:04:00,95 kW
2026-09-16 07:06:00,95 kW
2026-09-16 07:08:00,75 kW
2026-09-16 07:10:00,79 kW
2026-09-16 07:12:00,78 kW
2026-09-16 07:14:00,66 kW
2026-09-16 07:16:00,72 kW
2026-09-16 07:18:00,80 kW
2026-09-16 07:20:00,75 kW
2026-09-16 07:22:00,87 kW
2026-09-16 07:24:00,80 kW
2026-09-16 07:26:00,78 kW
2026-09-16 07:28:00,73 kW
2026-09-16 07:30:00,77 kW
2026-09-16 07:32:00,82 kW
2026-09-16 07:34:00,79 kW
2026-09-16 07:36:00,78 kW
2026-09-16 07:38:00,77 kW
2026-09-16 07:40:00,81 kW
2026-09-16 07:42:00,95 kW
2026-09-16 07:44:00,90 kW
2026-09-16 07:46:00,82 kW
2026-09-16 07:48:00,93 kW
2026-09-16 07:50:00,80 kW
2026-09-16 07:52:00,84 kW
2026-09-16 07:54:00,77 kW
2026-09-16 07:56:00,80 kW
2026-09-16 07:58:00,73 kW
2026-09-16 08:00:00,81 kW
2026-09-16 08:02:00,79 kW
2026-09-16 08:04:00,81 kW
2026-09-16 08:06:00,126 kW
2026-09-16 08:08:00,120 kW
2026-09-16 08:10:00,129 kW
2026-09-16 08:12:00,124 kW
2026-09-16 08:14:00,124 kW
2026-09-16 08:16:00,125 kW
2026-09-16 08:18:00,115 kW
2026-09-16 08:20:00,123 kW
2026-09-16 08:22:00,124 kW
2026-09-16 08:24:00,126 kW
2026-09-16 08:26:00,122 kW
2026-09-16 08:28:00,131 kW
2026-09-16 08:30:00,130 kW
2026-09-16 08:32:00,96 kW
2026-09-16 08:34:00,138 kW
2026-09-16 08:36:00,76 kW
2026-09-16 08:38:00,122 kW
2026-09-16 08:40:00,115 kW
2026-09-16 08:42:00,113 kW
2026-09-16 08:44:00,113 kW
2026-09-16 08:46:00,134 kW
2026-09-16 08:48:00,123 kW
2026-09-16 08:50:00,81 kW
2026-09-16 08:52:00,122 kW
2026-09-16 08:54:00,75 kW
2026-09-16 08:56:00,122 kW
2026-09-16 08:58:00,82 kW
2026-09-16 09:00:00,119 kW
2026-09-16 09:02:00,119 kW
2026-09-16 09:04:00,158 kW
2026-09-16 09:06:00,163 kW
2026-09-16 09:08:00,116 kW
2026-09-16 09:10:00,72 kW
2026-09-16 09:12:00,129 kW
2026-09-16 09:14:00,89 kW
2026-09-16 09:16:00,128 kW
2026-09-16 09:18:00,81 kW
2026-09-16 09:20:00,76 kW
2026-09-16 09:22:00,123 kW
2026-09-16 09:24:00,80 kW
2026-09-16 09:26:00,85 kW
2026-09-16 09:28:00,75 kW
2026-09-16 09:30:00,83 kW
2026-09-16 09:32:00,93 kW
2026-09-16 09:34:00,97 kW
2026-09-16 09:36:00,142 kW
2026-09-16 09:38:00,138 kW
2026-09-16 09:40:00,102 kW
2026-09-16 09:42:00,100 kW
2026-09-16 09:44:00,152 kW
2026-09-16 09:46:00,199 kW
2026-09-16 09:48:00,140 kW
2026-09-16 09:50:00,134 kW
2026-09-16 09:52:00,136 kW
2026-09-16 09:54:00,182 kW
2026-09-16 09:56:00,174 kW
2026-09-16 09:58:00,157 kW
2026-09-16 10:00:00,163 kW
2026-09-16 10:02:00,163 kW
2026-09-16 10:04:00,160 kW
2026-09-16 10:06:00,176 kW
2026-09-16 10:08:00,164 kW
2026-09-16 10:10:00,154 kW
2026-09-16 10:12:00,151 kW
2026-09-16 10:14:00,104 kW
2026-09-16 10:16:00,154 kW
2026-09-16 10:18:00,153 kW
2026-09-16 10:20:00,142 kW
2026-09-16 10:22:00,147 kW
2026-09-16 10:24:00,143 kW
2026-09-16 10:26:00,154 kW
2026-09-16 10:28:00,137 kW
2026-09-16 10:30:00,134 kW
2026-09-16 10:32:00,133 kW
2026-09-16 10:34:00,127 kW
2026-09-16 10:36:00,136 kW
2026-09-16 10:38:00,135 kW
2026-09-16 10:40:00,126 kW
2026-09-16 10:42:00,137 kW
2026-09-16 10:44:00,132 kW
2026-09-16 10:46:00,91 kW
2026-09-16 10:48:00,128 kW
2026-09-16 10:50:00,85 kW
2026-09-16 10:52:00,84 kW
2026-09-16 10:54:00,82 kW
2026-09-16 10:56:00,118 kW
2026-09-16 10:58:00,95 kW
2026-09-16 11:00:00,87 kW
2026-09-16 11:02:00,85 kW
2026-09-16 11:04:00,81 kW
2026-09-16 11:06:00,98 kW
2026-09-16 11:08:00,122 kW
2026-09-16 11:10:00,119 kW
2026-09-16 11:12:00,140 kW
2026-09-16 11:14:00,120 kW
2026-09-16 11:16:00,137 kW
2026-09-16 11:18:00,133 kW
2026-09-16 11:20:00,136 kW
2026-09-16 11:22:00,155 kW
2026-09-16 11:24:00,175 kW
2026-09-16 11:26:00,182 kW
2026-09-16 11:28:00,183 kW
2026-09-16 11:30:00,169 kW
2026-09-16 11:32:00,173 kW
2026-09-16 11:34:00,181 kW
2026-09-16 11:36:00,130 kW
2026-09-16 11:38:00,166 kW
2026-09-16 11:40:00,167 kW
2026-09-16 11:42:00,176 kW
2026-09-16 11:44:00,167 kW
2026-09-16 11:46:00,132 kW
2026-09-16 11:48:00,223 kW
2026-09-16 11:50:00,178 kW
2026-09-16 11:52:00,167 kW
2026-09-16 11:54:00,138 kW
2026-09-16 11:56:00,188 kW
2026-09-16 11:58:00,148 kW
2026-09-16 12:00:00,178 kW
2026-09-16 12:02:00,133 kW
2026-09-16 12:04:00,182 kW
2026-09-16 12:06:00,127 kW
2026-09-16 12:08:00,189 kW
2026-09-16 12:10:00,152 kW
2026-09-16 12:12:00,184 kW
2026-09-16 12:14:00,143 kW
2026-09-16 12:16:00,143 kW
2026-09-16 12:18:00,189 kW
2026-09-16 12:20:00,195 kW
2026-09-16 12:22:00,183 kW
2026-09-16 12:24:00,160 kW
2026-09-16 12:26:00,170 kW
2026-09-16 12:28:00,178 kW
2026-09-16 12:30:00,146 kW
2026-09-16 12:32:00,183 kW
2026-09-16 12:34:00,188 kW
2026-09-16 12:36:00,165 kW
2026-09-16 12:38:00,124 kW
2026-09-16 12:40:00,127 kW
2026-09-16 12:42:00,147 kW
2026-09-16 12:44:00,138 kW
2026-09-16 12:46:00,124 kW
2026-09-16 12:48:00,132 kW
2026-09-16 12:50:00,169 kW
2026-09-16 12:52:00,155 kW
2026-09-16 12:54:00,160 kW
2026-09-16 12:56:00,156 kW
2026-09-16 12:58:00,138 kW
2026-09-16 13:00:00,143 kW
2026-09-16 13:02:00,135 kW
2026-09-16 13:04:00,117 kW
2026-09-16 13:06:00,127 kW
2026-09-16 13:08:00,138 kW
2026-09-16 13:10:00,145 kW
2026-09-16 13:12:00,129 kW
2026-09-16 13:14:00,107 kW
2026-09-16 13:16:00,121 kW
2026-09-16 13:18:00,125 kW
2026-09-16 13:20:00,183 kW
2026-09-16 13:22:00,149 kW
2026-09-16 13:24:00,166 kW
2026-09-16 13:26:00,131 kW
2026-09-16 13:28:00,115 kW
2026-09-16 13:30:00,133 kW
2026-09-16 13:32:00,125 kW
2026-09-16 13:34:00,78 kW
2026-09-16 13:36:00,83 kW
2026-09-16 13:38:00,96 kW
2026-09-16 13:40:00,106 kW
2026-09-16 13:42:00,108 kW
2026-09-16 13:44:00,83 kW
2026-09-16 13:46:00,86 kW
2026-09-16 13:48:00,87 kW
2026-09-16 13:50:00,138 kW
2026-09-16 13:52:00,125 kW
2026-09-16 13:54:00,85 kW
2026-09-16 13:56:00,98 kW
2026-09-16 13:58:00,123 kW
2026-09-16 14:00:00,138 kW
2026-09-16 14:02:00,130 kW
2026-09-16 14:04:00,128 kW
2026-09-16 14:06:00,122 kW
2026-09-16 14:08:00,112 kW
2026-09-16 14:10:00,129 kW
2026-09-16 14:12:00,103 kW
2026-09-16 14:14:00,135 kW
2026-09-16 14:16:00,118 kW
2026-09-16 14:18:00,109 kW
2026-09-16 14:20:00,123 kW
2026-09-16 14:22:00,123 kW
2026-09-16 14:24:00,128 kW
2026-09-16 14:26:00,124 kW
2026-09-16 14:28:00,82 kW
2026-09-16 14:30:00,77 kW
2026-09-16 14:32:00,81 kW
2026-09-16 14:34:00,81 kW
2026-09-16 14:36:00,83 kW
2026-09-16 14:38:00,92 kW
2026-09-16 14:40:00,99 kW
2026-09-16 14:42:00,85 kW
2026-09-16 14:44:00,84 kW
2026-09-16 14:46:00,81 kW
2026-09-16 14:48:00,84 kW
2026-09-16 14:50:00,77 kW
2026-09-16 14:52:00,81 kW
2026-09-16 14:54:00,90 kW
2026-09-16 14:56:00,87 kW
2026-09-16 14:58:00,74 kW
2026-09-16 15:00:00,73 kW
2026-09-16 15:02:00,78 kW
2026-09-16 15:04:00,78 kW
2026-09-16 15:06:00,114 kW
2026-09-16 15:08:00,118 kW
2026-09-16 15:10:00,99 kW
2026-09-16 15:12:00,97 kW
2026-09-16 15:14:00,119 kW
2026-09-16 15:16:00,97 kW
2026-09-16 15:18:00,95 kW
2026-09-16 15:20:00,103 kW
2026-09-16 15:22:00,138 kW
2026-09-16 15:24:00,149 kW
2026-09-16 15:26:00,142 kW
2026-09-16 15:28:00,142 kW
2026-09-16 15:30:00,153 kW
2026-09-16 15:32:00,146 kW
2026-09-16 15:34:00,98 kW
2026-09-16 15:36:00,144 kW
2026-09-16 15:38:00,142 kW
2026-09-16 15:40:00,141 kW
2026-09-16 15:42:00,135 kW
2026-09-16 15:44:00,146 kW
2026-09-16 15:46:00,144 kW
2026-09-16 15:48:00,141 kW
2026-09-16 15:50:00,142 kW
2026-09-16 15:52:00,141 kW
2026-09-16 15:54:00,118 kW
2026-09-16 15:56:00,152 kW
2026-09-16 15:58:00,141 kW
2026-09-16 16:00:00,140 kW
2026-09-16 16:02:00,157 kW
2026-09-16 16:04:00,103 kW
2026-09-16 16:06:00,112 kW
2026-09-16 16:08:00,142 kW
2026-09-16 16:10:00,145 kW
2026-09-16 16:12:00,133 kW
2026-09-16 16:14:00,144 kW
2026-09-16 16:16:00,113 kW
2026-09-16 16:18:00,115 kW
2026-09-16 16:20:00,118 kW
2026-09-16 16:22:00,141 kW
2026-09-16 16:24:00,162 kW
2026-09-16 16:26:00,136 kW
2026-09-16 16:28:00,146 kW
2026-09-16 16:30:00,137 kW
2026-09-16 16:32:00,118 kW
2026-09-16 16:34:00,134 kW
2026-09-16 16:36:00,129 kW
2026-09-16 16:38:00,154 kW
2026-09-16 16:40:00,138 kW
2026-09-16 16:42:00,132 kW
2026-09-16 16:44:00,150 kW
2026-09-16 16:46:00,146 kW
2026-09-16 16:48:00,125 kW
2026-09-16 16:50:00,122 kW
2026-09-16 16:52:00,159 kW
2026-09-16 16:54:00,129 kW
2026-09-16 16:56:00,122 kW
2026-09-16 16:58:00,151 kW
2026-09-16 17:00:00,160 kW
2026-09-16 17:02:00,146 kW
2026-09-16 17:04:00,166 kW
2026-09-16 17:06:00,149 kW
2026-09-16 17:08:00,150 kW
2026-09-16 17:10:00,109 kW
2026-09-16 17:12:00,169 kW
2026-09-16 17:14:00,181 kW
2026-09-16 17:16:00,175 kW
2026-09-16 17:18:00,203 kW
2026-09-16 17:20:00,190 kW
2026-09-16 17:22:00,185 kW
2026-09-16 17:24:00,188 kW
2026-09-16 17:26:00,159 kW
2026-09-16 17:28:00,165 kW
2026-09-16 17:30:00,115 kW
2026-09-16 17:32:00,116 kW
2026-09-16 17:34:00,134 kW
2026-09-16 17:36:00,128 kW
2026-09-16 17:38:00,115 kW
2026-09-16 17:40:00,118 kW
2026-09-16 17:42:00,116 kW
2026-09-16 17:44:00,130 kW
2026-09-16 17:46:00,117 kW
2026-09-16 17:48:00,142 kW
2026-09-16 17:50:00,130 kW
2026-09-16 17:52:00,111 kW
2026-09-16 17:54:00,121 kW
2026-09-16 17:56:00,122 kW
2026-09-16 17:58:00,114 kW
2026-09-16 18:00:00,123 kW
2026-09-16 18:02:00,119 kW
2026-09-16 18:04:00,114 kW
2026-09-16 18:06:00,106 kW
2026-09-16 18:08:00,118 kW
2026-09-16 18:10:00,107 kW
2026-09-16 18:12:00,102 kW
2026-09-16 18:14:00,118 kW
2026-09-16 18:16:00,198 kW
2026-09-16 18:18:00,198 kW
2026-09-16 18:20:00,175 kW
2026-09-16 18:22:00,171 kW
2026-09-16 18:24:00,161 kW
2026-09-16 18:26:00,175 kW
2026-09-16 18:28:00,183 kW
2026-09-16 18:30:00,181 kW
2026-09-16 18:32:00,153 kW
2026-09-16 18:34:00,187 kW
2026-09-16 18:36:00,189 kW
2026-09-16 18:38:00,208 kW
2026-09-16 18:40:00,182 kW
2026-09-16 18:42:00,193 kW
2026-09-16 18:44:00,171 kW
2026-09-16 18:46:00,128 kW
2026-09-16 18:48:00,134 kW
2026-09-16 18:50:00,121 kW
2026-09-16 18:52:00,113 kW
2026-09-16 18:54:00,109 kW
2026-09-16 18:56:00,103 kW
2026-09-16 18:58:00,132 kW
2026-09-16 19:00:00,134 kW
2026-09-16 19:02:00,130 kW
2026-09-16 19:04:00,126 kW
2026-09-16 19:06:00,116 kW
2026-09-16 19:08:00,118 kW
2026-09-16 19:10:00,135 kW
2026-09-16 19:12:00,130 kW
2026-09-16 19:14:00,136 kW
2026-09-16 19:16:00,135 kW
2026-09-16 19:18:00,136 kW
2026-09-16 19:20:00,133 kW
2026-09-16 19:22:00,141 kW
2026-09-16 19:24:00,110 kW
2026-09-16 19:26:00,116 kW
2026-09-16 19:28:00,125 kW
2026-09-16 19:30:00,112 kW
2026-09-16 19:32:00,117 kW
2026-09-16 19:34:00,94 kW
2026-09-16 19:36:00,99 kW
2026-09-16 19:38:00,104 kW
2026-09-16 19:40:00,80 kW
2026-09-16 19:42:00,85 kW
2026-09-16 19:44:00,91 kW
2026-09-16 19:46:00,94 kW
2026-09-16 19:48:00,101 kW
2026-09-16 19:50:00,82 kW
2026-09-16 19:52:00,80 kW
2026-09-16 19:54:00,87 kW
2026-09-16 19:56:00,83 kW
2026-09-16 19:58:00,100 kW
2026-09-16 20:00:00,83 kW
2026-09-16 20:02:00,84 kW
2026-09-16 20:04:00,83 kW
2026-09-16 20:06:00,81 kW
2026-09-16 20:08:00,89 kW
2026-09-16 20:10:00,87 kW
2026-09-16 20:12:00,86 kW
2026-09-16 20:14:00,98 kW
2026-09-16 20:16:00,92 kW
2026-09-16 20:18:00,97 kW
2026-09-16 20:20:00,82 kW
2026-09-16 20:22:00,87 kW
2026-09-16 20:24:00,83 kW
2026-09-16 20:26:00,87 kW
2026-09-16 20:28:00,79 kW
2026-09-16 20:30:00,75 kW
2026-09-16 20:32:00,80 kW
2026-09-16 20:34:00,84 kW
2026-09-16 20:36:00,87 kW
2026-09-16 20:38:00,77 kW
2026-09-16 20:40:00,88 kW
2026-09-16 20:42:00,87 kW
2026-09-16 20:44:00,88 kW
2026-09-16 20:46:00,82 kW
2026-09-16 20:48:00,91 kW
2026-09-16 20:50:00,86 kW
2026-09-16 20:52:00,88 kW
2026-09-16 20:54:00,82 kW
2026-09-16 20:56:00,84 kW
2026-09-16 20:58:00,86 kW
2026-09-16 21:00:00,75 kW
2026-09-16 21:02:00,84 kW
2026-09-16 21:04:00,89 kW
2026-09-16 21:06:00,87 kW
2026-09-16 21:08:00,95 kW
2026-09-16 21:10:00,80 kW
2026-09-16 21:12:00,86 kW
2026-09-16 21:14:00,79 kW
2026-09-16 21:16:00,83 kW
2026-09-16 21:18:00,88 kW
2026-09-16 21:20:00,83 kW
2026-09-16 21:22:00,87 kW
2026-09-16 21:24:00,82 kW
2026-09-16 21:26:00,78 kW
2026-09-16 21:28:00,78 kW
2026-09-16 21:30:00,80 kW
2026-09-16 21:32:00,82 kW
2026-09-16 21:34:00,77 kW
2026-09-16 21:36:00,77 kW
2026-09-16 21:38:00,79 kW
2026-09-16 21:40:00,77 kW
2026-09-16 21:42:00,74 kW
2026-09-16 21:44:00,68 kW
2026-09-16 21:46:00,63 kW
2026-09-16 21:48:00,65 kW
2026-09-16 21:50:00,64 kW
2026-09-16 21:52:00,71 kW
2026-09-16 21:54:00,63 kW
2026-09-16 21:56:00,64 kW
2026-09-16 21:58:00,61 kW
2026-09-16 22:00:00,63 kW
2026-09-16 22:02:00,79 kW
2026-09-16 22:04:00,64 kW
2026-09-16 22:06:00,63 kW
2026-09-16 22:08:00,58 kW
2026-09-16 22:10:00,71 kW
2026-09-16 22:12:00,69 kW
2026-09-16 22:14:00,64 kW
2026-09-16 22:16:00,73 kW
2026-09-16 22:18:00,74 kW
2026-09-16 22:20:00,63 kW
2026-09-16 22:22:00,67 kW
2026-09-16 22:24:00,64 kW
2026-09-16 22:26:00,59 kW
2026-09-16 22:28:00,59 kW
2026-09-16 22:30:00,62 kW
2026-09-16 22:32:00,80 kW
2026-09-16 22:34:00,75 kW
2026-09-16 22:36:00,77 kW
2026-09-16 22:38:00,81 kW
2026-09-16 22:40:00,77 kW
2026-09-16 22:42:00,87 kW
2026-09-16 22:44:00,80 kW
2026-09-16 22:46:00,73 kW
2026-09-16 22:48:00,77 kW
2026-09-16 22:50:00,80 kW
2026-09-16 22:52:00,94 kW
2026-09-16 22:54:00,82 kW
2026-09-16 22:56:00,77 kW
2026-09-16 22:58:00,74 kW
2026-09-16 23:00:00,66 kW
2026-09-16 23:02:00,75 kW
2026-09-16 23:04:00,63 kW
2026-09-16 23:06:00,64 kW
2026-09-16 23:08:00,63 kW
2026-09-16 23:10:00,64 kW
2026-09-16 23:12:00,70 kW
2026-09-16 23:14:00,61 kW
2026-09-16 23:16:00,56 kW
2026-09-16 23:18:00,58 kW
2026-09-16 23:20:00,60 kW
2026-09-16 23:22:00,62 kW
2026-09-16 23:24:00,57 kW
2026-09-16 23:26:00,59 kW
2026-09-16 23:28:00,62 kW
2026-09-16 23:30:00,59 kW
2026-09-16 23:32:00,58 kW
2026-09-16 23:34:00,71 kW
2026-09-16 23:36:00,69 kW
2026-09-16 23:38:00,68 kW
2026-09-16 23:40:00,68 kW
2026-09-16 23:42:00,70 kW
2026-09-16 23:44:00,63 kW
2026-09-16 23:46:00,56 kW
2026-09-16 23:48:00,63 kW
2026-09-16 23:50:00,58 kW
2026-09-16 23:52:00,59 kW
2026-09-16 23:54:00,60 kW
2026-09-16 23:56:00,59 kW
2026-09-16 23:58:00,56 kW